{
     "triangles": [
          {
               "sides": [
                    80,
                    55,
                    45
               ],
               "angles": [
                    2,
                    2.7854569612800755,
                    2.3169118613582764
               ]
          },
          {
               "sides": [
                    34,
                    42,
                    104
               ],
               "angles": [
                    5,
                    2.8815591387634685,
                    3.448075613643004
               ]
          },
          {
               "sides": [
                    77,
                    24,
                    79
               ],
               "angles": [
                    7,
                    6.94824936442919,
                    2.9004458612595045
               ]
          },
          {
               "sides": [
                    63,
                    29,
                    88
               ],
               "angles": [
                    6,
                    5.349297792812399,
                    2.9106307991182327
               ]
          },
          {
               "sides": [
                    22,
                    61,
                    97
               ],
               "angles": [
                    9,
                    3.3967784119337936,
                    7.930691536345935
               ]
          },
          {
               "sides": [
                    33,
                    100,
                    47
               ],
               "angles": [
                    5,
                    3.7234995448114296,
                    6.732773422981975
               ]
          },
          {
               "sides": [
                    76,
                    51,
                    53
               ],
               "angles": [
                    1,
                    1.214941877826768,
                    0.9730921699323771
               ]
          },
          {
               "sides": [
                    27,
                    98,
                    55
               ],
               "angles": [
                    8,
                    4.433760524969225,
                    9.671152755052734
               ]
          },
          {
               "sides": [
                    14,
                    161,
                    5
               ],
               "angles": [
                    7,
                    19.430197205716272,
                    26.14832952314357
               ]
          },
          {
               "sides": [
                    82,
                    69,
                    29
               ],
               "angles": [
                    4,
                    8.170366489331663,
                    7.702655949961054
               ]
          },
          {
               "sides": [
                    4,
                    2,
                    174
               ],
               "angles": [
                    5,
                    3.3367214806128027,
                    1.669377680084033
               ]
          },
          {
               "sides": [
                    69,
                    5,
                    106
               ],
               "angles": [
                    1,
                    0.9712031910164728,
                    0.0906680700124877
               ]
          },
          {
               "sides": [
                    37,
                    74,
                    69
               ],
               "angles": [
                    3,
                    1.9338934474346074,
                    3.088951959538111
               ]
          },
          {
               "sides": [
                    85,
                    73,
                    22
               ],
               "angles": [
                    3,
                    7.977927102198975,
                    7.65847243031266
               ]
          },
          {
               "sides": [
                    85,
                    76,
                    19
               ],
               "angles": [
                    8,
                    24.478922387302234,
                    23.842521769829503
               ]
          },
          {
               "sides": [
                    57,
                    52,
                    71
               ],
               "angles": [
                    7,
                    6.20896736153156,
                    5.833915290083742
               ]
          },
          {
               "sides": [
                    14,
                    40,
                    126
               ],
               "angles": [
                    4,
                    1.1961276328271861,
                    3.178116722668659
               ]
          },
          {
               "sides": [
                    49,
                    14,
                    117
               ],
               "angles": [
                    6,
                    5.082182182068189,
                    1.6290917453384863
               ]
          },
          {
               "sides": [
                    85,
                    69,
                    26
               ],
               "angles": [
                    2,
                    4.544982968831502,
                    4.259315118412182
               ]
          },
          {
               "sides": [
                    14,
                    100,
                    66
               ],
               "angles": [
                    4,
                    1.0592659339533947,
                    4.3120251752047425
               ]
          },
          {
               "sides": [
                    2,
                    95,
                    83
               ],
               "angles": [
                    5,
                    0.17580792915669205,
                    5.018379731987224
               ]
          },
          {
               "sides": [
                    61,
                    18,
                    101
               ],
               "angles": [
                    8,
                    7.127917579197941,
                    2.5184061695571236
               ]
          },
          {
               "sides": [
                    22,
                    113,
                    45
               ],
               "angles": [
                    2,
                    1.059547449926333,
                    2.6035808959653983
               ]
          },
          {
               "sides": [
                    75,
                    57,
                    48
               ],
               "angles": [
                    8,
                    10.398251249813226,
                    9.028340524679445
               ]
          },
          {
               "sides": [
                    35,
                    92,
                    53
               ],
               "angles": [
                    3,
                    2.1545865258999584,
                    3.7541186728345504
               ]
          },
          {
               "sides": [
                    61,
                    112,
                    7
               ],
               "angles": [
                    8,
                    57.413599364806544,
                    60.864124063386086
               ]
          },
          {
               "sides": [
                    74,
                    99,
                    7
               ],
               "angles": [
                    5,
                    39.438207718189666,
                    40.52242807740524
               ]
          },
          {
               "sides": [
                    19,
                    90,
                    71
               ],
               "angles": [
                    1,
                    0.34432761328966527,
                    1.0576206811866706
               ]
          },
          {
               "sides": [
                    45,
                    126,
                    9
               ],
               "angles": [
                    6,
                    27.120882128041213,
                    31.029619751640634
               ]
          },
          {
               "sides": [
                    1,
                    75,
                    104
               ],
               "angles": [
                    6,
                    0.1079201276353097,
                    5.972977929087455
               ]
          },
          {
               "sides": [
                    21,
                    63,
                    96
               ],
               "angles": [
                    6,
                    2.1620516423879996,
                    5.3754866232990866
               ]
          },
          {
               "sides": [
                    45,
                    37,
                    98
               ],
               "angles": [
                    8,
                    5.71244739485652,
                    4.861835231478951
               ]
          },
          {
               "sides": [
                    39,
                    16,
                    125
               ],
               "angles": [
                    4,
                    3.073033366332256,
                    1.3459643187791694
               ]
          },
          {
               "sides": [
                    23,
                    95,
                    62
               ],
               "angles": [
                    8,
                    3.5402429919910583,
                    9.026082237711364
               ]
          },
          {
               "sides": [
                    57,
                    33,
                    90
               ],
               "angles": [
                    2,
                    1.677341135890848,
                    1.0892780700300542
               ]
          },
          {
               "sides": [
                    35,
                    135,
                    10
               ],
               "angles": [
                    2,
                    6.606190102970234,
                    8.144131319855589
               ]
          },
          {
               "sides": [
                    13,
                    66,
                    101
               ],
               "angles": [
                    5,
                    1.1458069730393645,
                    4.653220046505095
               ]
          },
          {
               "sides": [
                    84,
                    25,
                    71
               ],
               "angles": [
                    2,
                    2.103653848868904,
                    0.8939396277282504
               ]
          },
          {
               "sides": [
                    1,
                    41,
                    138
               ],
               "angles": [
                    2,
                    0.05216442431845269,
                    1.960929668306517
               ]
          },
          {
               "sides": [
                    57,
                    41,
                    82
               ],
               "angles": [
                    4,
                    3.3876506550845535,
                    2.6500259866976226
               ]
          },
          {
               "sides": [
                    61,
                    52,
                    67
               ],
               "angles": [
                    2,
                    1.9003043902681271,
                    1.7121273193752606
               ]
          },
          {
               "sides": [
                    62,
                    70,
                    48
               ],
               "angles": [
                    7,
                    8.316862256346958,
                    8.851368024093777
               ]
          },
          {
               "sides": [
                    22,
                    140,
                    18
               ],
               "angles": [
                    7,
                    8.485766807794615,
                    14.560730800281709
               ]
          },
          {
               "sides": [
                    89,
                    17,
                    74
               ],
               "angles": [
                    3,
                    3.1204229796561505,
                    0.9124623584548738
               ]
          },
          {
               "sides": [
                    85,
                    11,
                    84
               ],
               "angles": [
                    2,
                    2.0033640339770553,
                    0.38372004933262505
               ]
          },
          {
               "sides": [
                    72,
                    95,
                    13
               ],
               "angles": [
                    8,
                    33.822700465012204,
                    35.427962798305124
               ]
          },
          {
               "sides": [
                    75,
                    4,
                    101
               ],
               "angles": [
                    5,
                    4.92002382664542,
                    0.3553104219217275
               ]
          },
          {
               "sides": [
                    19,
                    136,
                    25
               ],
               "angles": [
                    4,
                    3.0814395300022452,
                    6.574806943720855
               ]
          },
          {
               "sides": [
                    80,
                    14,
                    86
               ],
               "angles": [
                    4,
                    3.9488502126984484,
                    0.9700505768493044
               ]
          },
          {
               "sides": [
                    82,
                    48,
                    50
               ],
               "angles": [
                    8,
                    10.34162524262595,
                    7.760853377662036
               ]
          },
          {
               "sides": [
                    80,
                    31,
                    69
               ],
               "angles": [
                    9,
                    9.493847049005625,
                    4.965124099251218
               ]
          },
          {
               "sides": [
                    33,
                    144,
                    3
               ],
               "angles": [
                    8,
                    83.25274998118836,
                    89.8480195243164
               ]
          },
          {
               "sides": [
                    48,
                    116,
                    16
               ],
               "angles": [
                    8,
                    21.568769538502817,
                    26.086276836754834
               ]
          },
          {
               "sides": [
                    11,
                    54,
                    115
               ],
               "angles": [
                    2,
                    0.4210688644757914,
                    1.7853029753174388
               ]
          },
          {
               "sides": [
                    52,
                    90,
                    38
               ],
               "angles": [
                    1,
                    1.279941632193079,
                    1.624269245482744
               ]
          },
          {
               "sides": [
                    3,
                    54,
                    123
               ],
               "angles": [
                    3,
                    0.18721041935866373,
                    2.8939265021194607
               ]
          },
          {
               "sides": [
                    46,
                    64,
                    70
               ],
               "angles": [
                    5,
                    3.827527131888266,
                    4.782383230526297
               ]
          },
          {
               "sides": [
                    19,
                    18,
                    143
               ],
               "angles": [
                    2,
                    1.0819542282343526,
                    1.0269500842848664
               ]
          },
          {
               "sides": [
                    23,
                    153,
                    4
               ],
               "angles": [
                    4,
                    22.40544038521902,
                    26.032881272343886
               ]
          },
          {
               "sides": [
                    31,
                    128,
                    21
               ],
               "angles": [
                    8,
                    11.497413774050676,
                    17.591098860409932
               ]
          },
          {
               "sides": [
                    42,
                    98,
                    40
               ],
               "angles": [
                    2,
                    2.0819648551880623,
                    3.081167259040612
               ]
          },
          {
               "sides": [
                    51,
                    101,
                    28
               ],
               "angles": [
                    3,
                    4.966089682910567,
                    6.272758104596949
               ]
          },
          {
               "sides": [
                    88,
                    10,
                    82
               ],
               "angles": [
                    8,
                    8.07369930276854,
                    1.4028377418054236
               ]
          },
          {
               "sides": [
                    17,
                    83,
                    80
               ],
               "angles": [
                    8,
                    2.3750560763029447,
                    8.06286220721106
               ]
          },
          {
               "sides": [
                    71,
                    1,
                    108
               ],
               "angles": [
                    9,
                    8.9475935810243,
                    0.16515491481770733
               ]
          },
          {
               "sides": [
                    7,
                    139,
                    34
               ],
               "angles": [
                    4,
                    0.8717517167956895,
                    4.692899533728276
               ]
          },
          {
               "sides": [
                    52,
                    114,
                    14
               ],
               "angles": [
                    7,
                    22.801058422487948,
                    26.433399869188975
               ]
          },
          {
               "sides": [
                    50,
                    26,
                    104
               ],
               "angles": [
                    5,
                    3.9474792188308574,
                    2.2589563929728396
               ]
          },
          {
               "sides": [
                    30,
                    13,
                    137
               ],
               "angles": [
                    9,
                    6.598256335378312,
                    2.968569438948877
               ]
          },
          {
               "sides": [
                    88,
                    76,
                    16
               ],
               "angles": [
                    6,
                    21.7544713572701,
                    21.12113701134604
               ]
          },
          {
               "sides": [
                    86,
                    85,
                    9
               ],
               "angles": [
                    4,
                    25.507526106942656,
                    25.472512028229847
               ]
          },
          {
               "sides": [
                    60,
                    91,
                    29
               ],
               "angles": [
                    9,
                    16.076885252606196,
                    18.561160671348105
               ]
          },
          {
               "sides": [
                    83,
                    58,
                    39
               ],
               "angles": [
                    6,
                    9.463028680690435,
                    8.085370582780945
               ]
          },
          {
               "sides": [
                    49,
                    111,
                    20
               ],
               "angles": [
                    7,
                    15.446362340504042,
                    19.10724591229055
               ]
          },
          {
               "sides": [
                    43,
                    90,
                    47
               ],
               "angles": [
                    8,
                    7.460120689101293,
                    10.938619688788762
               ]
          },
          {
               "sides": [
                    44,
                    88,
                    48
               ],
               "angles": [
                    5,
                    4.673775195923288,
                    6.724065032526397
               ]
          },
          {
               "sides": [
                    25,
                    125,
                    30
               ],
               "angles": [
                    6,
                    5.071419140888394,
                    9.829824531467901
               ]
          },
          {
               "sides": [
                    26,
                    66,
                    88
               ],
               "angles": [
                    7,
                    3.0704684739565944,
                    6.39871612847615
               ]
          },
          {
               "sides": [
                    20,
                    30,
                    130
               ],
               "angles": [
                    2,
                    0.8929511763915972,
                    1.3054072893322783
               ]
          },
          {
               "sides": [
                    88,
                    9,
                    83
               ],
               "angles": [
                    9,
                    9.06206469925665,
                    1.4184833451158818
               ]
          },
          {
               "sides": [
                    56,
                    73,
                    51
               ],
               "angles": [
                    9,
                    9.600948242730457,
                    11.074808633801101
               ]
          },
          {
               "sides": [
                    74,
                    80,
                    26
               ],
               "angles": [
                    5,
                    10.964016484424677,
                    11.232579518811818
               ]
          },
          {
               "sides": [
                    79,
                    12,
                    89
               ],
               "angles": [
                    5,
                    4.908883563981826,
                    1.0397168079946357
               ]
          },
          {
               "sides": [
                    6,
                    7,
                    167
               ],
               "angles": [
                    9,
                    4.18204827780367,
                    4.875834406935908
               ]
          },
          {
               "sides": [
                    3,
                    40,
                    137
               ],
               "angles": [
                    4,
                    0.30695649319829893,
                    3.7700243714816795
               ]
          },
          {
               "sides": [
                    58,
                    112,
                    10
               ],
               "angles": [
                    6,
                    29.302286066590685,
                    32.036634084759335
               ]
          },
          {
               "sides": [
                    3,
                    68,
                    109
               ],
               "angles": [
                    7,
                    0.38746112784552633,
                    6.86426173896546
               ]
          },
          {
               "sides": [
                    3,
                    30,
                    147
               ],
               "angles": [
                    1,
                    0.09609292187714716,
                    0.918039229388331
               ]
          },
          {
               "sides": [
                    31,
                    70,
                    79
               ],
               "angles": [
                    7,
                    3.6727451981392645,
                    6.700963926445767
               ]
          },
          {
               "sides": [
                    51,
                    94,
                    35
               ],
               "angles": [
                    9,
                    12.1942137260883,
                    15.652798621670652
               ]
          },
          {
               "sides": [
                    28,
                    39,
                    113
               ],
               "angles": [
                    4,
                    2.0400612165165386,
                    2.734674950119
               ]
          },
          {
               "sides": [
                    69,
                    16,
                    95
               ],
               "angles": [
                    8,
                    7.49717241648056,
                    2.2135219658967835
               ]
          },
          {
               "sides": [
                    33,
                    1,
                    146
               ],
               "angles": [
                    3,
                    2.9219203156975624,
                    0.09362997811110366
               ]
          },
          {
               "sides": [
                    3,
                    55,
                    122
               ],
               "angles": [
                    2,
                    0.12342685864196609,
                    1.9318527993909809
               ]
          },
          {
               "sides": [
                    5,
                    143,
                    32
               ],
               "angles": [
                    3,
                    0.49340955479570753,
                    3.407019127845126
               ]
          },
          {
               "sides": [
                    17,
                    48,
                    115
               ],
               "angles": [
                    2,
                    0.6451929662409788,
                    1.6399391820459828
               ]
          },
          {
               "sides": [
                    16,
                    8,
                    156
               ],
               "angles": [
                    6,
                    4.0660809962818725,
                    2.0530203510697036
               ]
          },
          {
               "sides": [
                    37,
                    12,
                    131
               ],
               "angles": [
                    4,
                    3.189650901075918,
                    1.1019427672106072
               ]
          },
          {
               "sides": [
                    45,
                    44,
                    91
               ],
               "angles": [
                    4,
                    2.8288579735174384,
                    2.779056745639014
               ]
          },
          {
               "sides": [
                    87,
                    80,
                    13
               ],
               "angles": [
                    3,
                    13.317957601941895,
                    13.133627080139972
               ]
          }
     ]
}